City_ID,City,Lat,Lng,Max Temp,Humidity,Cloudiness,Wind Speed,Country,Date
0,alice springs,-23.7,133.8833,21.75,33,75,4.63,AU,1692213579
1,rio tuba,8.5061,117.4317,26.92,83,100,3.44,PH,1692213818
2,broken hill,-31.95,141.4333,12.67,54,99,4.43,AU,1692213516
3,fale old settlement,-9.3852,-171.2468,28.32,73,99,8.07,TK,1692213533
4,badiyah,22.45,58.8,27.0,65,6,4.3,OM,1692213819
5,tessaoua,13.7574,7.9874,34.82,32,77,1.86,NE,1692213819
6,yellowknife,62.456,-114.3525,21.34,49,20,4.12,CA,1692213809
7,plastun,44.7561,136.2939,20.16,98,100,4.22,RU,1692213820
8,bredasdorp,-34.5322,20.0403,9.74,88,0,2.24,ZA,1692213550
9,bilibino,68.0546,166.4372,13.75,96,100,2.26,RU,1692213820
10,albany,42.6001,-73.9662,28.83,83,4,1.53,US,1692213607
11,lata,40.1629,-8.3327,22.73,63,76,2.6,PT,1692213821
12,port macquarie,-31.4333,152.9167,8.27,90,11,3.26,AU,1692213821
13,puerto natales,-51.7236,-72.4875,4.25,52,0,2.57,CL,1692213821
14,bagepalli,13.7847,77.7931,24.94,69,100,5.58,IN,1692213822
15,waitangi,-43.9535,-176.5597,9.34,94,100,8.37,NZ,1692213491
16,port mathurin,-19.6833,63.4167,22.97,79,0,5.98,MU,1692213543
17,blackmans bay,-43.0167,147.3167,8.07,81,100,1.47,AU,1692213506
18,puerto ayora,-0.7393,-90.3518,29.98,87,100,3.13,EC,1692213554
19,igarka,67.4667,86.5833,5.95,81,0,7.38,RU,1692213823
20,grytviken,-54.2811,-36.5092,-1.04,92,96,2.32,GS,1692213493
21,adamstown,-25.066,-130.1015,19.35,57,71,8.8,PN,1692213481
22,ilulissat,69.2167,-51.1,10.01,62,20,0.0,GL,1692213526
23,georgetown,5.4112,100.3354,26.68,89,20,2.06,MY,1692213509
24,edinburgh of the seven seas,-37.0676,-12.3116,13.34,95,100,4.18,SH,1692213511
25,liwale,-9.7667,37.9333,22.71,65,94,2.52,TZ,1692213825
26,praia da vitoria,38.7333,-27.0667,29.14,70,20,5.4,PT,1692213587
27,utrik,11.2278,169.8474,27.94,77,15,4.53,MH,1692213490
28,sola,-13.8833,167.55,24.97,85,100,5.99,VU,1692213825
29,kalmunai,7.4167,81.8167,27.62,72,98,3.84,LK,1692213642
30,ulsteinvik,62.3432,5.8487,16.06,88,96,0.89,NO,1692213556
31,ola,59.5833,151.2833,12.86,94,100,0.21,RU,1692213530
32,port-aux-francais,-49.35,70.2167,1.96,56,95,15.34,TF,1692213499
33,el granada,37.5027,-122.4694,34.37,70,0,6.69,US,1692213826
34,cururupu,-1.8283,-44.8683,29.86,58,65,2.26,BR,1692213827
35,saurimo,-9.6608,20.3916,23.45,26,5,1.34,AO,1692213827
36,vasto,42.1243,14.7059,26.19,70,100,3.56,IT,1692213827
37,touros,-5.1989,-35.4608,26.99,65,67,8.75,BR,1692213660
38,jamestown,42.097,-79.2353,25.25,60,40,0.0,US,1692213420
39,zhangye,38.9342,100.4517,17.67,54,73,1.79,CN,1692213828
40,punta arenas,-53.15,-70.9167,6.01,65,0,4.12,CL,1692213504
41,kirensk,57.7853,108.1119,15.36,98,100,1.2,RU,1692213828
42,huilong,31.8111,121.655,27.74,83,99,2.01,CN,1692213829
43,crane,31.3974,-102.3501,36.65,22,30,3.35,US,1692213485
44,sitka,57.0531,-135.33,13.94,94,100,4.12,US,1692213509
45,guerrero negro,27.9769,-114.0611,29.97,47,94,4.47,MX,1692213510
46,thinadhoo,0.5333,72.9333,27.93,71,82,4.04,MV,1692213830
47,afaahiti,-17.75,-149.2833,25.93,77,91,7.21,PF,1692213830
48,aasiaat,68.7098,-52.8699,4.07,76,12,3.8,GL,1692213602
49,pedernales,18.0384,-71.744,32.55,57,1,3.31,DO,1692213831
50,lihue,21.9789,-159.3672,28.77,76,40,6.69,US,1692213435
51,candido de abreu,-24.5669,-51.3333,24.76,67,71,0.87,BR,1692213831
52,sisimiut,66.9395,-53.6735,12.24,65,5,4.08,GL,1692213514
53,west island,-12.1568,96.8225,23.99,83,40,9.77,CC,1692213538
54,pacific grove,36.6177,-121.9166,27.34,81,0,4.02,US,1692213660
55,mount gambier,-37.8333,140.7667,6.14,97,49,2.43,AU,1692213522
56,tbilisi,41.6941,44.8337,27.84,47,0,3.09,GE,1692213832
57,ryotsu-minato,38.0833,138.4333,26.43,85,14,2.93,JP,1692213834
58,bengkulu,-3.8004,102.2655,23.83,92,27,3.58,ID,1692213633
59,isafjordur,66.0755,-23.124,12.02,76,100,1.03,IS,1692213532
60,tiksi,71.6872,128.8694,4.47,98,100,3.89,RU,1692213499
61,kupang,-10.1667,123.5833,22.63,83,19,3.89,ID,1692213566
62,longyearbyen,78.2186,15.6401,5.91,75,75,8.75,SJ,1692213461
63,lakatoro,-16.0999,167.4164,23.35,89,91,3.94,VU,1692213835
64,bontang,0.1333,117.5,24.37,88,100,2.52,ID,1692213835
65,qaqortoq,60.7167,-46.0333,8.56,81,20,2.43,GL,1692213501
66,hawaiian paradise park,19.5933,-154.9731,27.07,84,40,1.54,US,1692213302
67,papatowai,-46.5619,169.4708,5.81,86,100,3.59,NZ,1692213489
68,dunedin,-45.8742,170.5036,7.11,74,48,4.02,NZ,1692213294
69,yeraliyev,43.2,51.65,26.73,39,0,2.86,KZ,1692213836
70,uturoa,-16.7333,-151.4333,24.88,72,14,7.87,PF,1692213513
71,port elizabeth,-33.918,25.5701,16.17,72,0,2.57,ZA,1692213276
72,wynne,35.2245,-90.7868,28.0,53,83,1.91,US,1692213837
73,scottburgh,-30.2867,30.7532,18.53,80,100,7.21,ZA,1692213837
74,codrington,-38.2667,141.9667,6.45,72,65,4.59,AU,1692213508
75,lompoc,34.6391,-120.4579,32.61,86,75,4.12,US,1692213247
76,nova sintra,14.8667,-24.7167,24.33,85,86,5.59,CV,1692213380
77,kapuskasing,49.4169,-82.4331,22.05,60,100,4.63,CA,1692213488
78,bocana de paiwas,12.7857,-85.1227,28.45,79,92,6.34,NI,1692213738
79,port alfred,-33.5906,26.891,16.21,85,100,0.89,ZA,1692213598
80,saint-pierre,-21.3393,55.4781,21.82,73,75,3.09,RE,1692213504
81,iqaluit,63.7506,-68.5145,6.85,86,75,8.05,CA,1692213508
82,katabu,-4.9333,122.5167,20.69,92,100,1.21,ID,1692213839
83,tazovsky,67.4667,78.7,6.3,82,6,4.15,RU,1692213538
84,wailua homesteads,22.0669,-159.378,28.44,81,40,6.69,US,1692213544
85,masallatah,32.6167,14.0,24.6,67,0,5.78,LY,1692213840
86,margaret river,-33.95,115.0667,12.89,73,60,6.08,AU,1692213840
87,acarau,-2.8856,-40.12,28.55,60,67,8.94,BR,1692213664
88,ushuaia,-54.8,-68.3,4.81,56,0,3.09,AR,1692213423
89,shantobe,52.4581,68.1839,16.47,52,100,1.57,KZ,1692213841
90,tangalle,6.024,80.7911,25.41,87,42,4.58,LK,1692213643
91,cruzeiro do sul,-29.5128,-51.9853,27.8,63,38,1.63,BR,1692213841
92,yoichi,43.2039,140.7703,25.01,88,44,5.46,JP,1692213842
93,hermoso campo,-27.6082,-61.3444,36.64,28,0,9.13,AR,1692213842
94,haiku-pauwela,20.9219,-156.3051,28.01,58,40,7.2,US,1692213590
95,kidal,18.4411,1.4078,30.9,49,100,4.8,ML,1692213530
96,hermanus,-34.4187,19.2345,12.67,82,0,5.29,ZA,1692213526
97,ta`u,-14.2336,-169.5144,27.29,73,7,7.74,AS,1692213843
98,mosjoen,65.836,13.1908,14.29,82,75,1.54,NO,1692213843
99,petropavlovsk-kamchatsky,53.0452,158.6483,13.33,77,75,5.0,RU,1692213547
100,hammerfest,70.6634,23.6821,10.25,93,75,6.69,NO,1692213609
101,cabinda,-5.55,12.2,23.08,83,75,2.57,AO,1692213844
102,sierre,46.2919,7.5356,24.71,53,40,1.54,CH,1692213845
103,prado,-17.3411,-39.2208,23.6,78,100,4.64,BR,1692213682
104,thompson,55.7435,-97.8558,14.09,94,100,4.12,CA,1692213503
105,ust-nera,64.5667,143.2,13.34,94,100,1.7,RU,1692213552
106,arteche,12.2645,125.4048,24.77,90,94,1.51,PH,1692213580
107,masonboro,34.1793,-77.8475,34.03,64,20,6.69,US,1692213846
108,aswan,24.0934,32.907,36.61,17,0,3.6,EG,1692213846
109,faya-largeau,17.9257,19.1043,35.9,20,10,3.42,TD,1692213847
110,greci,45.1833,28.2333,26.25,44,9,2.58,RO,1692213847
111,remire-montjoly,4.9167,-52.2667,28.02,83,75,2.57,GF,1692213847
112,klyuchi,52.2667,79.1667,16.15,67,90,4.36,RU,1692213491
113,rio grande,-32.035,-52.0986,31.06,72,97,3.96,BR,1692213542
114,udachny,66.4167,112.4,16.36,72,92,1.1,RU,1692213532
115,liaoyuan,42.9036,125.1358,20.42,94,0,0.51,CN,1692213848
116,vorgashor,67.5833,63.95,13.9,95,99,3.31,RU,1692213520
117,chai badan,15.2,101.1333,25.59,81,100,2.34,TH,1692213849
118,kununurra,-15.7667,128.7333,17.99,88,8,1.03,AU,1692213588
119,dhanera,24.5167,72.0167,27.01,73,9,4.36,IN,1692213850
120,patigi,8.7333,5.75,26.14,84,61,1.75,NG,1692213850
121,kone,-21.0595,164.8658,14.39,84,0,1.01,NC,1692213851
122,colonia,50.9333,6.95,23.3,77,20,2.06,DE,1692213581
123,ribeira grande,38.5167,-28.7,26.22,89,40,7.2,PT,1692213507
124,blackwater,-23.5833,148.8833,14.83,100,82,2.79,AU,1692213851
125,hilo,19.7297,-155.09,28.49,84,40,1.79,US,1692213321
126,khandyga,62.6667,135.6,13.77,98,100,0.44,RU,1692213580
127,gaigeturi,33.4644,126.3183,26.03,78,0,1.54,KR,1692213852
128,mudgee,-32.5943,149.5871,4.0,83,1,1.03,AU,1692213853
129,hithadhoo,-0.6,73.0833,27.87,72,100,3.19,MV,1692213550
130,bamboo flat,11.7,92.7167,28.05,83,75,3.09,IN,1692213643
131,bethel,41.3712,-73.414,26.87,74,0,2.57,US,1692213487
132,duong dong,10.2167,103.9667,28.0,94,40,4.12,VN,1692213854
133,olonkinbyen,70.9221,-8.7187,6.41,88,98,3.62,SJ,1692213501
134,solwezi,-12.1688,26.3894,19.86,30,0,1.94,ZM,1692213854
135,vanimo,-2.6741,141.3028,25.06,91,100,2.16,PG,1692213855
136,alesund,62.4723,6.1549,16.06,91,75,3.6,NO,1692213825
137,shenandoah,30.4013,-91.0009,35.61,37,90,0.89,US,1692213855
138,newman,37.3138,-121.0208,36.7,19,0,2.02,US,1692213602
139,pontes e lacerda,-15.2261,-59.3353,37.02,17,0,2.71,BR,1692213771
140,fukuecho,32.6881,128.8419,26.2,86,100,7.93,JP,1692213856
141,port lincoln,-34.7333,135.8667,11.9,78,5,2.44,AU,1692213497
142,montevideo,-34.8335,-56.1674,20.01,73,75,6.69,UY,1692213735
143,stephenville,32.2207,-98.2023,37.09,22,0,2.68,US,1692213857
144,kailua-kona,19.6406,-155.9956,29.17,74,40,3.6,US,1692213656
145,geraldton,-28.7667,114.6,7.23,87,100,2.06,AU,1692213664
146,bandiagara,14.3501,-3.6104,29.44,59,100,3.78,ML,1692213633
147,wenchang,30.904,118.4887,24.43,91,1,0.43,CN,1692213858
148,owando,-0.4819,15.8999,26.14,63,33,1.06,CG,1692213858
149,sao jose da coroa grande,-8.8978,-35.1478,25.33,73,99,4.5,BR,1692213679
150,ventanas,-1.45,-79.4667,31.91,56,68,1.5,EC,1692213859
151,chavusy,53.8075,30.9712,20.68,71,7,1.86,BY,1692213859
152,bacalar,18.6667,-88.3833,32.06,66,40,6.69,MX,1692213860
153,oued fodda,36.185,1.533,36.81,15,20,6.17,DZ,1692213860
154,brady,31.1352,-99.3351,39.09,24,20,2.57,US,1692213860
155,el vigia,8.6219,-71.6506,32.89,55,60,1.75,VE,1692213860
156,bedele,8.456,36.353,14.03,95,100,0.53,ET,1692213861
157,stanley,54.868,-1.6985,16.77,88,20,2.57,GB,1692213534
158,madaoua,14.073,5.96,34.59,35,28,2.58,NE,1692213861
159,egilsstadir,65.2653,-14.3948,16.95,59,75,2.57,IS,1692213586
160,zhuji,29.7188,120.2423,23.79,94,22,0.4,CN,1692213862
161,katsuura,35.1333,140.3,26.6,91,3,5.62,JP,1692213862
162,arkhangel'sk,64.5401,40.5433,16.39,80,99,2.38,RU,1692213862
163,bosaso,11.2842,49.1816,32.92,52,98,2.54,SO,1692213863
164,mahina,-17.5065,-149.489,26.87,61,20,1.54,PF,1692213863
165,walvis bay,-22.9575,14.5053,13.38,78,100,6.04,NA,1692213587
166,zaigrayevo,51.8336,108.2703,10.75,95,100,5.84,RU,1692213864
167,corsicana,32.0954,-96.4689,35.38,31,0,3.6,US,1692213864
168,garoowe,8.4054,48.4845,29.05,36,3,10.88,SO,1692213865
169,ypsonas,34.6884,32.9574,27.54,83,0,4.63,CY,1692213865
170,enewetak,11.3474,162.3373,28.78,76,95,5.43,MH,1692213550
171,invercargill,-46.4,168.35,5.57,93,66,0.89,NZ,1692213519
172,antsiranana,-12.2787,49.2917,22.04,85,10,4.35,MG,1692213658
173,port hueneme,34.1478,-119.1951,40.11,75,75,6.17,US,1692213707
174,kapa'a,22.0752,-159.319,29.18,81,40,6.69,US,1692213688
175,college,64.8569,-147.8028,16.97,70,75,3.6,US,1692213488
176,vadso,70.0744,29.7487,15.49,94,75,7.72,NO,1692213516
177,tataouine,32.9297,10.4518,26.24,61,0,5.63,TN,1692213867
178,saint-felix-de-valois,46.1668,-73.4324,24.58,72,51,3.58,CA,1692213868
179,avarua,-21.2078,-159.775,24.03,73,75,6.17,CK,1692213512
180,axim,4.8699,-2.2405,24.53,89,52,3.05,GH,1692213868
181,dornbirn,47.4167,9.7331,25.52,73,99,2.39,AT,1692213869
182,darab,28.7519,54.5444,29.49,6,5,3.33,IR,1692213869
183,rabaul,-4.1967,152.1721,25.01,85,63,5.79,PG,1692213869
184,sovetskaya gavan',48.9723,140.2878,16.94,97,100,0.94,RU,1692213870
185,sandnessjoen,66.0217,12.6316,14.29,88,75,3.09,NO,1692213524
186,kodiak,57.79,-152.4072,14.73,63,20,7.72,US,1692213511
187,shanhecun,44.7,127.2,19.71,95,0,0.95,CN,1692213870
188,lincoln,40.8,-96.667,33.97,66,0,8.75,US,1692213849
189,kolyvan',55.3053,82.7391,13.79,95,100,4.73,RU,1692213871
190,lae,-6.7221,146.9847,23.07,90,100,1.51,PG,1692213871
191,melekeok village,7.4957,134.6367,26.31,94,75,3.09,PW,1692213872
192,margate,51.3813,1.3862,19.39,84,100,2.24,GB,1692213794
193,vilyuchinsk,52.9306,158.4028,14.15,85,100,4.13,RU,1692213601
194,ambovombe,-25.1667,46.0833,18.06,60,29,4.01,MG,1692213872
195,holualoa,19.6228,-155.9522,27.1,74,40,3.6,US,1692213551
196,odemira,37.598,-8.6397,18.98,68,3,3.77,PT,1692213873
197,anadyr,64.75,177.4833,13.28,81,100,0.89,RU,1692213537
198,nemuro,43.3236,145.575,18.54,98,100,9.6,JP,1692213640
199,kulhudhuffushi,6.6221,73.07,27.5,74,11,2.36,MV,1692213579
200,san antonio de pale,-1.4014,5.6325,23.48,89,85,4.4,GQ,1692213556
201,saipan,15.1355,145.701,26.47,100,0,0.45,MP,1692213489
202,nar'yan-mar,67.6713,53.087,11.9,97,100,2.48,RU,1692213596
203,cobh,51.8572,-8.2992,15.58,82,40,4.12,IE,1692213875
204,shilka,51.85,116.0333,19.33,76,100,1.35,RU,1692213875
205,kristiansund,63.1115,7.732,15.03,94,75,2.06,NO,1692213876
206,joao pinheiro,-17.7425,-46.1725,25.93,36,100,5.34,BR,1692213485
207,la junta,37.985,-103.5438,37.16,15,0,4.12,US,1692213794
208,hasaki,35.7333,140.8333,26.84,90,1,5.86,JP,1692213639
209,flying fish cove,-10.4217,105.6791,21.82,100,75,5.14,CX,1692213509
210,andergrove,-21.0833,149.1833,12.58,86,100,2.78,AU,1692213877
211,la passe,45.5549,-0.8967,26.13,79,26,4.81,FR,1692213511
212,taoudenni,22.6783,-3.9836,35.91,31,97,8.01,ML,1692213544
213,polignano a mare,40.9959,17.2159,27.07,71,0,2.76,IT,1692213877
214,keflavik,64.0049,-22.5624,13.95,82,100,5.66,IS,1692213533
215,berezovyy,51.6667,135.7,18.15,97,100,1.68,RU,1692213654
216,goz beida,13.95,20.55,32.47,35,22,2.15,TD,1692213878
217,hudson,40.7168,-74.0663,30.21,69,100,5.14,US,1692213878
218,la'ie,21.6477,-157.9253,28.98,87,62,7.63,US,1692213879
219,chinde,26.8418,88.0763,19.45,93,100,1.46,NP,1692213879
220,seguin,29.5688,-97.9647,40.58,25,0,2.06,US,1692213879
221,san julian,21.0167,-102.1667,25.49,36,11,7.33,MX,1692213633
222,mount isa,-20.7333,139.5,9.87,81,7,2.06,AU,1692213488
223,tocopilla,-22.092,-70.1979,20.31,63,11,5.57,CL,1692213880
224,nalut,30.3333,10.85,32.62,17,0,7.17,LY,1692213880
225,starobin,52.7267,27.4606,22.61,73,6,2.58,BY,1692213881
226,taitung city,22.7583,121.1444,27.03,84,100,1.05,TW,1692213881
227,shenkursk,62.1091,42.896,16.51,75,100,1.11,RU,1692213882
228,tralee,52.2704,-9.7026,16.25,81,71,0.83,IE,1692213882
229,tsumeb,-19.2333,17.7167,22.87,15,60,2.58,NA,1692213882
230,fuman,37.2273,49.3142,24.95,45,0,1.57,IR,1692213882
231,rapar,23.5667,70.6333,27.42,71,7,6.22,IN,1692213883
232,veinticinco de mayo,-35.4323,-60.1727,20.53,74,100,5.75,AR,1692213883
233,east london,-33.0153,27.9116,18.78,77,99,8.24,ZA,1692213524
234,tsiombe,-25.3,45.4833,19.07,52,83,3.57,MG,1692213688
235,cascais,38.6979,-9.4215,23.12,75,20,12.96,PT,1692213884
236,st. john's,47.5649,-52.7093,18.71,93,100,4.63,CA,1692213448
237,happy valley-goose bay,53.3168,-60.3315,19.17,52,40,3.6,CA,1692213884
238,louis trichardt,-23.0439,29.9032,13.51,77,46,1.86,ZA,1692213884
239,orichi,58.4036,49.0572,18.95,81,13,1.66,RU,1692213885
240,port saint john's,-31.6229,29.5448,18.06,81,100,6.36,ZA,1692213528
241,saint-philippe,-21.3585,55.7679,21.77,82,21,2.76,RE,1692213540
242,lander,42.833,-108.7307,34.5,20,0,1.54,US,1692213885
243,big spring,32.2504,-101.4787,36.24,30,75,1.54,US,1692213685
244,talnakh,69.4865,88.3972,5.67,86,0,2.12,RU,1692213499
245,kingston,17.997,-76.7936,35.13,65,20,8.23,JM,1692213585
246,tura,25.5198,90.2201,24.28,93,44,1.19,IN,1692213598
247,broome,42.2506,-75.833,26.05,81,75,3.09,US,1692213427
248,ndjole,-0.1783,10.7649,28.74,67,97,1.05,GA,1692213887
249,salinopolis,-0.6136,-47.3561,28.6,72,79,5.89,BR,1692213887
250,boguchany,58.3814,97.4531,10.95,82,100,1.17,RU,1692213887
251,kakamega,0.2842,34.7523,16.64,76,21,2.68,KE,1692213643
252,abepura,-2.6333,140.5833,24.45,83,20,0.0,ID,1692213888
253,oeiras,-7.0253,-42.1311,35.8,19,85,4.1,BR,1692213888
254,bikenibeu village,1.3673,173.1241,28.98,79,40,3.09,KI,1692213888
255,amahai,-3.3333,128.9167,24.22,85,100,1.98,ID,1692213889
256,ingeniero jacobacci,-41.3427,-69.5448,1.33,100,100,2.53,AR,1692213889
257,northam,51.0333,-4.2167,20.72,81,26,2.66,GB,1692213669
258,le port,-20.9373,55.2919,22.0,88,3,3.24,RE,1692213889
259,ambagarh chauki,20.7833,80.7167,24.8,86,100,2.31,IN,1692213889
260,kuanda,56.3161,116.0806,18.94,61,100,2.29,RU,1692213890
261,lebu,-37.6167,-73.65,12.15,95,100,3.4,CL,1692213534
262,pitimbu,-7.4706,-34.8086,27.33,70,34,6.07,BR,1692213890
263,woolgoolga,-30.1106,153.2007,13.36,88,63,4.13,AU,1692213891
264,san patricio,28.017,-97.5169,39.48,33,28,3.29,US,1692213522
265,casa branca,-21.7739,-47.0864,27.46,41,100,1.46,BR,1692213891
266,qianzhou,28.3167,109.7167,25.64,89,14,0.87,CN,1692213891
267,pio xii,-3.8325,-45.1525,36.27,25,12,1.82,BR,1692213892
268,saldanha,-33.0117,17.9442,13.03,91,0,5.71,ZA,1692213676
269,susuman,62.7833,148.1667,12.12,89,100,0.83,RU,1692213500
270,polyarnyy,69.1989,33.4478,13.99,95,100,3.58,RU,1692213892
271,greymouth,-42.4667,171.2,2.24,86,9,3.02,NZ,1692213893
272,greenville,35.6127,-77.3663,31.09,68,75,2.57,US,1692213336
273,kongsvinger,60.1905,11.9977,17.81,63,52,1.52,NO,1692213743
274,ulanhot,46.0833,122.0833,20.41,92,17,1.08,CN,1692213803
275,umm kaddadah,13.6017,26.6876,34.55,24,89,2.96,SD,1692213894
276,gobabis,-22.45,18.9667,18.97,18,42,5.71,NA,1692213894
277,lockwood,45.8191,-108.4149,29.12,42,75,5.14,US,1692213894
278,salalah,17.0151,54.0924,26.05,94,100,3.6,OM,1692213894
279,arno,60.1167,18.6333,18.21,80,88,3.29,SE,1692213894
280,santa luzia,-19.7697,-43.8514,23.6,55,0,3.09,BR,1692213895
281,raja,8.4596,25.678,19.74,98,100,1.18,SS,1692213895
282,whitehorse,60.7161,-135.0538,17.43,55,75,7.72,CA,1692213518
283,calama,-22.4667,-68.9333,22.27,8,0,8.75,CL,1692213848
284,kincardine,56.0667,-3.7167,18.64,83,7,2.46,GB,1692213896
285,aitape,-3.1374,142.3475,25.55,86,100,1.81,PG,1692213896
286,galle,6.0367,80.217,26.32,83,16,3.89,LK,1692213896
287,ponta delgada,37.7333,-25.6667,24.4,83,20,6.69,PT,1692213860
288,kavieng,-2.5744,150.7967,26.0,83,100,5.87,PG,1692213897
289,atafu village,-8.5421,-172.5159,28.74,72,28,7.1,TK,1692213487
290,tsarevo,42.1667,27.85,23.44,86,3,5.12,BG,1692213897
291,badger,64.8,-147.5333,16.93,69,75,3.6,US,1692213514
292,okhotsk,59.3833,143.3,14.23,95,100,2.89,RU,1692213898
293,cozumel,20.5083,-86.9458,33.3,72,40,3.6,MX,1692213898
294,carnarvon,-24.8667,113.6333,14.76,60,0,10.97,AU,1692213593
295,saudarkrokur,65.7461,-19.6394,12.35,84,100,4.03,IS,1692213591
296,pisco,-13.7,-76.2167,22.03,68,20,3.6,PE,1692213524
297,posadas,-27.3671,-55.8961,31.99,35,0,4.12,AR,1692213899
298,palikir - national government center,6.9248,158.1611,24.41,94,75,0.0,FM,1692213899
299,chonchi,-42.6128,-73.8092,11.18,89,100,2.67,CL,1692213520
300,thimphu,27.4661,89.6419,16.77,96,99,0.41,BT,1692213900
301,maitum,6.0392,124.4986,25.17,82,100,2.27,PH,1692213900
302,roma,43.2128,-75.4557,27.08,57,40,3.6,US,1692213355
303,turan,16.0678,108.2208,27.99,78,40,1.54,VN,1692213667
304,mallemort,43.7317,5.1795,27.95,47,100,1.54,FR,1692213901
305,barmer,25.75,71.3833,28.79,61,0,7.3,IN,1692213901
306,beira,-19.8436,34.8389,22.05,88,20,2.06,MZ,1692213902
307,kindu,-2.95,25.95,23.73,69,10,0.78,CD,1692213903
308,horta,38.5333,-28.6333,25.8,94,40,7.2,PT,1692213904
309,constantia,44.1833,28.65,24.38,64,5,6.76,RO,1692213904
310,dudinka,69.4058,86.1778,5.9,80,0,6.91,RU,1692213573
311,bonthe,7.5264,-12.505,25.69,79,100,4.02,SL,1692213905
312,zakamensk,50.3741,103.2863,5.33,97,87,0.61,RU,1692213905
313,binzhou,37.3667,118.0167,24.19,69,0,1.02,CN,1692213906
314,sos'va,59.1766,61.8558,17.75,92,30,0.42,RU,1692213907
315,berdigestyakh,62.0989,126.6992,11.78,93,86,1.17,RU,1692213907
316,labrador city,52.9463,-66.9114,20.95,60,75,4.12,CA,1692213551
317,prince rupert,54.3161,-130.3201,16.05,85,100,6.69,CA,1692213908
318,manzanillo,20.3433,-77.1167,33.7,53,70,2.32,CU,1692213908
319,kayangel,8.0823,134.7173,27.3,80,93,4.97,PW,1692213909
320,ninghai,29.2892,121.4247,24.7,91,17,0.43,CN,1692213565
321,chaohu,31.6,117.8667,24.31,92,1,1.73,CN,1692213909
322,baglung,28.2719,83.5898,21.9,95,96,1.45,NP,1692213910
323,tromso,69.6496,18.957,11.01,87,75,2.57,NO,1692213910
324,bubaque,11.2833,-15.8333,27.15,79,100,7.22,GW,1692213591
325,wanning,18.8003,110.3967,27.26,88,86,2.99,CN,1692213911
326,giyani,-23.3025,30.7187,17.31,68,14,0.49,ZA,1692213911
327,ayora,39.0585,-1.0563,26.01,63,4,3.64,ES,1692213912
328,pokhara,28.2333,83.9833,23.02,94,99,1.41,NP,1692213913
329,bichura,50.5881,107.6022,10.6,95,100,2.99,RU,1692213913
330,salida,37.7058,-121.0849,40.49,37,0,2.06,US,1692213913
331,helong,42.5397,128.9972,18.54,96,0,1.44,CN,1692213914
332,sabang,5.8933,95.3214,27.98,77,100,6.08,ID,1692213915
333,zonguldak,41.25,31.8333,20.68,80,0,1.12,TR,1692213564
334,howard springs,-12.497,131.047,21.95,86,100,0.27,AU,1692213525
335,alaghsas,17.0187,8.0168,36.12,27,4,4.22,NE,1692213916
336,iskateley,67.6803,53.1512,11.76,97,100,2.5,RU,1692213535
337,prieska,-29.6641,22.7474,20.96,21,100,3.81,ZA,1692213916
338,ntui,4.45,11.6333,21.95,94,90,0.83,CM,1692213917
339,sapele,5.8941,5.6767,25.37,91,100,2.21,NG,1692213917
340,sirte,31.2089,16.5887,26.67,68,0,7.32,LY,1692213917
341,cabo san lucas,22.8909,-109.9124,37.01,66,20,2.06,MX,1692213520
342,bernalillo,35.05,-106.6673,35.17,27,40,3.09,US,1692213918
343,bozeman,45.6796,-111.0386,32.68,31,0,4.12,US,1692213918
344,price,39.5994,-110.8107,31.18,32,0,0.0,US,1692213919
345,wynyard,-41.0,145.7167,7.22,93,87,1.12,AU,1692213919
346,arica,-18.475,-70.3042,23.75,64,0,5.66,CL,1692213573
347,koungou,-12.7336,45.2042,24.84,88,0,2.06,YT,1692213920
348,mejit,10.2753,170.8646,27.94,77,36,5.53,MH,1692213562
349,devgadh bariya,22.7,73.9,25.43,78,100,2.4,IN,1692213920
350,puerto baquerizo moreno,-0.9,-89.6,28.55,65,20,7.2,EC,1692213921
351,montrose,38.4166,-108.2673,24.76,31,79,1.43,US,1692213921
352,ta'izz,13.5,44.0,22.6,65,100,2.2,YE,1692213922
353,mangrol,21.1167,70.1167,26.42,81,100,5.79,IN,1692213922
354,wolfratshausen,47.9129,11.4217,23.03,72,0,1.86,DE,1692213923
355,benguela,-12.5763,13.4055,20.22,89,69,2.83,AO,1692213923
356,monrovia,6.3005,-10.7969,26.87,78,99,3.88,LR,1692213924
357,princeville,45.7668,-61.2985,23.69,74,20,3.6,CA,1692213924
358,novodvinsk,64.4165,40.8122,16.26,78,100,2.26,RU,1692213925
359,minas de marcona,-15.2119,-75.1103,19.91,52,1,6.18,PE,1692213591
360,vilyuysk,63.7553,121.6247,12.68,87,60,0.69,RU,1692213510
361,shimoda,34.6667,138.95,25.61,90,3,3.67,JP,1692213926
362,coquimbo,-29.9533,-71.3436,16.85,77,75,5.14,CL,1692213569
363,navirai,-23.065,-54.1906,32.2,29,16,4.48,BR,1692213708
364,cidreira,-30.1811,-50.2056,20.1,71,72,3.17,BR,1692213549
365,santiago,-33.4569,-70.6483,17.0,66,100,2.57,CL,1692213209
366,pauri,30.15,78.7833,19.85,95,18,0.9,IN,1692213928
367,daimiel,39.07,-3.615,33.32,18,0,4.12,ES,1692213928
368,champerico,14.3,-91.9167,35.3,67,74,3.78,GT,1692213928
369,zemio,5.0314,25.1361,23.48,83,100,1.04,CF,1692213929
370,bocas del toro,9.3333,-82.25,30.06,78,100,1.79,PA,1692213929
371,msowero,-6.5333,37.2,22.24,70,6,1.06,TZ,1692213930
372,mountain home,43.133,-115.6912,36.75,22,20,3.09,US,1692213930
373,tsuruga,35.6455,136.0558,27.02,91,16,2.09,JP,1692213931
374,arraial do cabo,-22.9661,-42.0278,22.92,73,75,7.72,BR,1692213549
375,ebon,4.582,168.6964,28.19,72,100,2.98,MH,1692213932
376,chilaw,7.5758,79.7953,26.01,80,65,7.11,LK,1692213933
377,madalena,41.2162,-8.3345,23.2,74,65,2.25,PT,1692213933
378,hoemul-li,41.4339,129.67,21.34,92,16,1.74,KP,1692213933
379,tweed heads,-28.1817,153.547,15.02,90,9,2.57,AU,1692213763
380,kimbe,-5.5502,150.1429,23.78,94,100,2.24,PG,1692213934
381,hamilton,39.1834,-84.5333,27.5,60,40,2.57,US,1692213465
382,nahiyat ash shinafiyah,31.5874,44.6602,41.02,7,0,4.05,IQ,1692213679
383,taltal,-25.4,-70.4833,17.54,70,13,2.68,CL,1692213935
384,pangody,65.85,74.4859,8.07,86,25,3.49,RU,1692213591
385,new kingman-butler,35.265,-114.0323,36.57,19,0,1.54,US,1692213935
386,irituia,-1.7711,-47.4381,31.86,49,81,1.9,BR,1692213936
387,toropets,56.4978,31.6353,21.03,87,7,2.3,RU,1692213936
388,timmins,48.4669,-81.3331,24.9,53,75,2.06,CA,1692213717
389,kokstad,-30.5472,29.4241,14.1,48,100,1.61,ZA,1692213937
390,whakatane,-37.9585,176.9854,8.62,88,57,1.79,NZ,1692213937
391,baruun-urt,46.6806,113.2792,19.8,62,100,0.65,MN,1692213937
392,rikaze,29.25,88.8833,15.85,55,62,1.9,CN,1692213938
393,nantucket,41.2835,-70.0995,23.03,88,100,3.6,US,1692213938
394,ambon,-3.6954,128.1814,25.11,79,99,4.28,ID,1692213574
395,nykobing mors,56.7933,8.8528,15.1,79,50,6.06,DK,1692213939
396,weno,7.4515,151.8468,26.97,89,100,1.54,FM,1692213643
397,lodja,-3.4833,23.4333,23.66,75,59,0.41,CD,1692213939
398,teknaf,20.8624,92.3058,26.08,92,100,2.1,BD,1692213940
399,bukama,-9.2,25.85,27.96,24,2,0.67,CD,1692213674
400,banikoara,11.2985,2.4386,24.28,91,97,1.57,BJ,1692213940
401,burutu,5.3509,5.5076,26.06,85,100,3.01,NG,1692213946
402,tibanbang,6.6315,126.1055,25.89,85,100,3.73,PH,1692213946
403,whitecourt,54.1502,-115.6855,21.58,46,40,1.03,CA,1692213946
404,grand forks,47.9417,-97.4337,22.1,59,75,8.75,US,1692213937
405,cooma,-36.2333,149.1333,-1.87,92,2,0.71,AU,1692213947
406,formosa,-26.1775,-58.1781,34.99,36,20,7.72,AR,1692213676
407,ulladulla,-35.35,150.4667,8.01,71,0,3.36,AU,1692213947
408,ifrane,33.3333,-5.25,24.06,28,56,2.2,MA,1692213948
409,le vauclin,14.5452,-60.8388,32.03,66,75,5.14,MQ,1692213948
410,yarmouth,41.7057,-70.2286,23.03,85,100,3.6,US,1692213948
411,inverurie,57.2845,-2.3774,14.23,90,40,3.09,GB,1692213949
412,uliastay,47.7417,96.8444,8.0,47,9,2.34,MN,1692213569
413,nuuk,64.1835,-51.7216,8.34,81,40,3.6,GL,1692213616
414,midelt,32.6852,-4.7451,25.42,30,100,4.99,MA,1692213949
415,murzuq,25.9155,13.9184,34.22,15,1,2.9,LY,1692213950
416,puerto armuelles,8.2833,-82.8667,30.09,83,96,2.24,PA,1692213950
417,akureyri,65.6835,-18.0878,13.96,72,75,4.63,IS,1692213594
418,la sarre,48.8002,-79.1996,22.52,48,100,5.29,CA,1692213926
419,fort bragg,35.139,-79.006,33.69,48,0,2.06,US,1692213564
420,chos malal,-37.3781,-70.2709,8.68,83,100,2.77,AR,1692213951
421,wukari,7.85,9.7833,26.06,77,62,1.4,NG,1692213951
422,puerto ayacucho,5.6639,-67.6236,30.0,70,91,1.91,VE,1692213951
423,mossel bay,-34.1831,22.146,12.96,71,4,4.62,ZA,1692213952
424,farsan,32.2569,50.561,16.02,11,0,1.29,IR,1692213952
425,quellon,-43.1167,-73.6167,11.14,87,100,7.2,CL,1692213586
426,at taj,24.2049,23.2857,30.12,20,0,4.6,LY,1692213952
427,vila franca do campo,37.7167,-25.4333,24.23,72,80,3.79,PT,1692213953
428,north bend,43.4065,-124.2243,28.29,77,0,6.69,US,1692213720
429,rehoboth,-23.3167,17.0833,17.97,35,59,5.31,NA,1692213953
430,lido adriano,44.4123,12.3086,28.14,76,2,0.89,IT,1692213954
431,bel ombre,-4.6167,55.4167,26.91,74,20,3.6,SC,1692213552
432,leopold,-38.1833,144.4667,8.45,75,100,4.63,AU,1692213954
433,oranjemund,-28.55,16.4333,12.53,81,29,2.02,NA,1692213518
434,thurso,58.5927,-3.5259,13.25,84,74,4.47,GB,1692213748
435,liepaja,56.5419,21.0367,18.99,88,0,1.54,LV,1692213955
436,jawhar,2.7809,45.5005,24.36,82,100,8.31,SO,1692213955
437,luorong,24.4058,109.6086,25.91,93,3,0.75,CN,1692213955
438,anori,-3.7728,-61.6442,38.55,24,10,1.33,BR,1692213956
439,krasnomayskiy,57.6194,34.4099,19.16,76,2,1.84,RU,1692213956
440,ogoja,6.6547,8.7976,25.84,86,91,2.18,NG,1692213956
441,bratske,47.865,31.5731,24.04,41,8,4.14,UA,1692213957
442,chibougamau,49.9168,-74.3659,22.79,49,40,5.66,CA,1692213957
443,namibe,-15.1961,12.1522,16.52,89,64,3.61,AO,1692213486
444,toliara,-23.35,43.6667,20.0,65,0,6.85,MG,1692213958
445,takoradi,4.8845,-1.7554,24.71,89,88,4.57,GH,1692213958
446,kapenguria,1.2511,35.0895,14.75,66,33,2.68,KE,1692213958
447,tazacorte,28.629,-17.9293,24.54,73,20,7.2,ES,1692213595
448,bonny,4.4522,7.1681,25.64,89,94,5.24,NG,1692213959
449,goranboy,40.6103,46.7897,29.16,23,0,5.15,AZ,1692213959
450,crucecita,-28.95,-58.9833,34.11,28,100,6.29,AR,1692213959
451,silsbee,30.3491,-94.178,36.68,34,0,0.89,US,1692213959
452,queenstown,-31.8976,26.8753,16.52,28,100,1.82,ZA,1692213478
453,roxas,11.5853,122.7511,23.97,87,100,2.73,PH,1692213960
454,newport,51.5877,-2.9984,22.05,73,56,3.3,GB,1692213713
455,riberalta,-10.9833,-66.1,34.11,40,20,3.09,BO,1692213961
456,t'q'ibuli,42.3512,42.9987,22.51,78,16,1.77,GE,1692213961
457,ceeldheer,3.8488,47.1806,25.04,86,59,8.34,SO,1692213961
458,khanty-mansiysk,61.0042,69.0019,14.06,72,0,0.0,RU,1692213962
459,sao joao da barra,-21.6403,-41.0511,24.05,72,100,5.86,BR,1692213904
460,gadzhiyevo,69.2551,33.3362,13.81,96,100,3.66,RU,1692213543
461,severo-yeniseyskiy,60.3725,93.0408,8.03,96,97,1.55,RU,1692213522
462,armacao de buzios,-22.7469,-41.8817,23.03,80,100,8.32,BR,1692213856
463,port blair,11.6667,92.75,28.02,83,75,3.09,IN,1692213964
464,tolanaro,-25.0319,46.9987,19.55,60,91,3.94,MG,1692213567
465,moree,-29.4667,149.85,13.07,38,98,3.14,AU,1692213965
466,harper,4.375,-7.7169,24.91,83,12,3.99,LR,1692213965
467,vung tau,10.346,107.0843,26.95,85,100,5.36,VN,1692213970
468,gornopravdinsk,60.05,69.9,12.63,80,18,1.97,RU,1692213971
469,saint-joseph,-21.3667,55.6167,21.21,79,9,2.19,RE,1692213571
470,watampone,-4.5386,120.3279,22.89,89,30,2.39,ID,1692213972
471,brandon,27.9378,-82.2859,35.92,56,0,2.57,US,1692213844
472,altai,46.3722,96.2583,9.31,35,0,2.27,MN,1692213972
473,sabha,27.0377,14.4283,35.31,14,5,3.05,LY,1692213973
474,magole,-6.3667,37.3667,22.37,71,6,1.47,TZ,1692213973
475,puyo,-1.4667,-77.9833,27.58,69,75,3.09,EC,1692213974
476,cooper's town,26.8667,-77.5167,29.64,74,99,6.05,BS,1692213974
477,nadym,65.5333,72.5167,7.93,81,100,3.61,RU,1692213566
478,umba,66.6871,34.3429,14.24,94,100,3.95,RU,1692213974
479,sinabang,2.4803,96.3801,26.18,81,96,0.7,ID,1692213568
480,guararapes,-21.2608,-50.6428,31.16,28,100,4.96,BR,1692213975
481,muisne,0.6,-80.0333,27.27,76,25,5.65,EC,1692213975
482,fortuna,40.5982,-124.1573,22.59,78,0,5.66,US,1692213976
483,el abiodh sidi cheikh,32.893,0.5484,32.07,19,97,6.63,DZ,1692213976
484,mili,6.0815,171.735,27.96,77,48,2.76,MH,1692213682
485,kourou,5.1552,-52.6478,28.03,69,66,4.5,GF,1692213583
486,hanak,41.2336,42.8472,17.14,69,3,1.48,TR,1692213977
487,strelka,58.0728,93.0344,10.34,96,89,1.81,RU,1692213977
488,el bauga,18.262,33.9081,38.07,17,52,2.59,SD,1692213978
489,obubra,6.0752,8.329,24.66,91,100,2.37,NG,1692213978
490,luderitz,-26.6481,15.1594,13.07,78,4,3.29,NA,1692213513
491,kerikeri,-35.2268,173.9474,7.58,92,5,2.39,NZ,1692213491
492,ouarzazat,30.9189,-6.8934,35.16,9,40,6.17,MA,1692213979
493,borborema,-21.6197,-49.0736,30.58,32,97,4.14,BR,1692213980
494,usinsk,65.9939,57.5281,18.24,88,100,3.58,RU,1692213571
495,taroa,8.7058,171.2275,27.68,80,98,5.41,MH,1692213980
496,belmonte,-15.8631,-38.8828,24.73,66,24,4.35,BR,1692213579
497,koulikoro,14.0,-7.75,27.62,67,100,2.62,ML,1692213981
498,mount pearl,47.5166,-52.7813,18.51,92,100,4.63,CA,1692213556
499,mhamid,29.82,-5.72,38.65,10,2,3.89,MA,1692213982
500,alofi,-19.0595,-169.9187,22.94,88,22,5.14,NU,1692213597
501,sawakin,19.1059,37.3321,34.83,46,10,1.18,SD,1692213983
502,yulinshi,38.2906,109.7494,25.83,39,51,8.63,CN,1692213984
503,constitucion,-35.3333,-72.4167,13.06,92,100,4.49,CL,1692213403
504,tamanrasset,22.785,5.5228,20.95,68,75,5.66,DZ,1692213576
505,santana,-0.0583,-51.1817,33.1,58,40,4.63,BR,1692213984
506,natal,-5.795,-35.2094,28.36,65,40,8.75,BR,1692213488
507,isoka,-10.1606,32.6335,18.44,56,1,1.02,ZM,1692213985
508,bonnyville,54.2668,-110.735,19.62,42,15,5.15,CA,1692213986
509,heunghae,36.1125,129.3522,22.91,93,68,1.22,KR,1692213990
510,tashla,51.7716,52.7427,18.72,91,61,2.33,RU,1692213662
511,san mariano,7.5,126.0,22.85,94,100,1.38,PH,1692213992
512,pimentel,-6.8367,-79.9342,28.16,54,20,6.17,PE,1692213994
513,sao paulo de olivenca,-3.3783,-68.8725,31.52,54,98,0.7,BR,1692213995
514,road town,18.4167,-64.6167,34.05,70,20,4.12,VG,1692213995
515,leava,-14.3,-178.1667,27.64,78,38,6.39,WF,1692213996
516,mwene-ditu,-7.0,23.45,26.4,39,5,1.92,CD,1692213996
517,vrangel',42.7297,133.0839,20.77,97,100,3.2,RU,1692213997
518,troitsko-pechorsk,62.7084,56.1964,21.45,58,84,0.92,RU,1692213997
519,yantzaza,-3.8278,-78.7594,28.67,46,46,1.72,EC,1692213997
520,nogliki,51.8333,143.1667,17.3,89,100,1.42,RU,1692213998
521,hirara,24.8,125.2833,27.15,89,40,4.63,JP,1692213998
522,fort mcmurray,56.7268,-111.381,19.77,55,0,3.09,CA,1692213518
523,zheleznogorsk-ilimskiy,56.5768,104.1217,10.94,95,100,4.63,RU,1692213999
524,bridgewater,44.3835,-64.5155,23.71,88,100,4.63,CA,1692213999
525,nevers,46.9167,3.3333,20.29,82,20,1.69,FR,1692213999
526,hun,29.1268,15.9477,33.55,23,0,7.52,LY,1692214000
527,turinsk,58.0458,63.696,19.24,73,92,1.53,RU,1692214000
528,lianzhou,24.7811,112.3825,25.93,92,0,0.67,CN,1692214000
529,las heras,-46.5419,-68.9359,0.52,71,99,5.44,AR,1692213713
530,rimouski,48.4488,-68.524,21.1,78,46,1.67,CA,1692213997
531,ambalangoda,6.2355,80.0538,26.81,79,22,3.62,LK,1692214001
532,urangan,-25.3,152.9,18.84,85,76,3.33,AU,1692213655
533,veracruz,19.3333,-96.6667,25.93,75,90,1.24,MX,1692213798
534,harar,9.3094,42.1258,20.89,52,99,5.41,ET,1692214002
535,imbituba,-28.24,-48.6703,25.48,66,0,6.97,BR,1692214002
536,chas,23.6333,86.1667,29.45,69,100,1.75,IN,1692214003
537,ivdel',60.6911,60.4206,18.23,92,23,0.46,RU,1692214003
538,lorengau,-2.0226,147.2712,26.83,83,100,5.56,PG,1692213541
539,narvik,68.4384,17.4272,14.66,95,100,2.73,NO,1692214004
540,warragul,-38.1667,145.9333,10.24,84,98,1.41,AU,1692214004
541,bure,10.7,37.0667,14.22,95,100,1.51,ET,1692214004
542,north bay,46.3168,-79.4663,24.97,60,20,4.63,CA,1692213586
543,baharly,38.4362,57.4316,27.78,12,0,2.69,TM,1692214005
544,mehtar lam,34.6714,70.2094,30.46,55,0,0.43,AF,1692214005
545,ust-tsilma,65.441,52.1498,17.87,98,7,1.6,RU,1692213572
546,mthatha,-31.5889,28.7844,14.31,82,100,0.51,ZA,1692214005
547,hassi messaoud,31.6804,6.0729,37.92,17,0,2.06,DZ,1692214006
548,cidade velha,14.9167,-23.6167,27.26,89,75,3.6,CV,1692214006
549,maragogi,-9.0122,-35.2225,25.1,75,98,4.36,BR,1692214006
550,sao gabriel da cachoeira,-0.1303,-67.0892,30.89,66,40,3.09,BR,1692214006
551,vail,32.0479,-110.712,39.12,19,30,2.24,US,1692214007
552,nagqu,31.5,92.0,5.9,91,100,1.75,CN,1692213694
553,laguna,38.421,-121.4238,39.88,31,0,2.57,US,1692213647
554,ozherel'ye,54.7961,38.2672,17.33,69,0,2.63,RU,1692214007
555,mitu,1.1983,-70.1733,31.18,56,41,1.35,CO,1692214008
556,swakopmund,-22.6833,14.5333,13.32,83,96,2.68,NA,1692214008
557,urzhar,47.093,81.6294,14.55,59,0,1.9,KZ,1692214008
558,fort leonard wood,37.7057,-92.1572,27.36,50,0,0.0,US,1692214009
559,hawkinsville,32.2838,-83.4721,31.72,42,67,2.03,US,1692214009
560,inhambane,-23.865,35.3833,18.56,74,5,2.94,MZ,1692213481
561,mar del plata,-38.0023,-57.5575,12.27,87,100,8.75,AR,1692213229
562,castillos,-34.1667,-53.8333,18.72,83,100,3.11,UY,1692213614
563,botshabelo,-29.2702,26.7052,14.65,27,100,4.08,ZA,1692214010
564,tilcara,-23.5776,-65.3509,18.61,10,0,0.77,AR,1692214010
565,kharabali,47.4196,47.2568,25.63,34,0,3.28,RU,1692214011
566,cole harbour,44.6724,-63.4751,22.32,86,100,4.12,CA,1692213701
567,torghay,49.6339,63.4981,23.87,26,89,4.32,KZ,1692214011
568,bindki,26.0333,80.6,30.68,63,82,3.06,IN,1692214011
569,revda,56.801,59.9303,16.55,95,97,1.2,RU,1692213314
